Nucleotide,Sequence,XL_mutations,XL_depth,NoXL_mutations,NoXL_depth,XL_rate,NoXL_rate,E_testP,XL_log10rate,NoXL_log10rate,Model_Expected,Residuals,neglog10P,normedP,RNPsite
1,g,0,0,0,0,nan,nan,1.0,nan,nan,nan,nan,nan,nan,0
2,g,0,0,0,0,nan,nan,1.0,nan,nan,nan,nan,nan,nan,0
3,u,0,0,0,0,nan,nan,1.0,nan,nan,nan,nan,nan,nan,0
4,u,0,0,0,0,nan,nan,1.0,nan,nan,nan,nan,nan,nan,0
5,c,0,0,0,0,nan,nan,1.0,nan,nan,nan,nan,nan,nan,0
6,g,0,0,0,0,nan,nan,1.0,nan,nan,nan,nan,nan,nan,0
7,u,0,0,0,0,nan,nan,1.0,nan,nan,nan,nan,nan,nan,0
8,g,0,0,0,0,nan,nan,1.0,nan,nan,nan,nan,nan,nan,0
9,c,0,0,0,0,nan,nan,1.0,nan,nan,nan,nan,nan,nan,0
10,u,0,0,0,0,nan,nan,1.0,nan,nan,nan,nan,nan,nan,0
11,g,0,0,0,0,nan,nan,1.0,nan,nan,nan,nan,nan,nan,0
12,a,0,0,0,0,nan,nan,1.0,nan,nan,nan,nan,nan,nan,0
13,a,0,0,0,0,nan,nan,1.0,nan,nan,nan,nan,nan,nan,0
14,g,0,0,0,0,nan,nan,1.0,nan,nan,nan,nan,nan,nan,0
15,g,0,0,0,0,nan,nan,1.0,nan,nan,nan,nan,nan,nan,0
16,c,0,0,0,0,nan,nan,1.0,nan,nan,nan,nan,nan,nan,0
17,C,8312,15289183,10610,33840064,0.0005436523325020048,0.00031353368598830073,0.0,-3.264678744318289,-3.503715791825591,-3.3772304436966656,0.11255169937837639,1.691476681874418,0.82881856376955,0
18,U,107233,15310257,148862,33846264,0.007003997385543561,0.004398181140465016,0.0,-2.1546540247022716,-2.3567268880529015,-2.143837925622511,-0.010816099079760555,-0.9692894862820483,-1.7266078007869268,0
19,G,52114,15260274,68597,33751167,0.00341501076586174,0.0020324334266723283,0.0,-2.466607922861811,-2.6919836710241105,-2.4848784747182617,0.018270551856450545,-1.1048584332695346,-2.2889662061751244,0
20,U,43198,15505660,64225,34254518,0.002785950420685092,0.0018749351545393224,0.0,-2.5550266166322544,-2.7270137479430576,-2.51457834520155,-0.040448271430704175,-0.7766412737310617,-1.5339595882359403,0
21,A,9557,15368105,12071,33929812,0.0006218723778891412,0.00035576383388154345,0.0,-3.2062987330992287,-3.448838203368468,-3.282371475428144,0.07607274232891514,-0.20526824528043652,-0.9804055940097279,0
22,U,127643,15649059,172432,34446698,0.008156592674358247,0.005005762816511469,0.0,-2.088491225040575,-2.3005297320191627,-2.0875719344034933,-0.0009192906370816267,-0.9840186654427758,-1.7413369799476544,0
23,C,17359,15928940,23108,34913116,0.0010897774742073233,0.0006618716014921154,0.0,-2.9626621732428524,-3.179226252511817,-3.0004657757923194,0.03780360254946702,-0.7890248398362774,-1.6516829579411454,0
24,C,10562,15888250,16174,34789072,0.0006647679889226315,0.000464916109288572,0.0,-3.1773299016321555,-3.3326254053034163,-3.178577467714838,0.0012475660826827273,-1.1040996970043815,-1.9667578151092495,0
25,U,17154,15691855,24039,34594979,0.0010931785948825044,0.0006948696225541862,0.0,-2.961308880652469,-3.158096673851502,-2.946189299130799,-0.015119581521669812,-0.9551346924383763,-1.7124530069432549,0
26,A,21092,15442052,32742,33949901,0.0013658806485044863,0.0009644210744532068,0.0,-2.864587247916911,-3.015733308022149,-2.856933607274372,-0.007653640642539372,-0.993880696902896,-1.7690180456321873,0
27,G,52404,15348566,71361,33613213,0.003414260328945388,0.002123004426860354,0.0,-2.4667033680736283,-2.6730491002480288,-2.4663125569432394,-0.0003908111303889683,-1.419965340214406,-2.6040731131199957,0
28,G,169476,15581593,243229,33931030,0.010876679938951044,0.007168335296629663,0.0,-1.9635036509829964,-2.144581688882984,-1.9481343197805354,-0.015369331202460979,-1.197028220169586,-2.3811359930751754,0
29,C,17756,15632635,27846,34240044,0.001135828988523048,0.0008132583007194734,0.0,-2.9446870514872643,-3.089771495290787,-2.8965998947284155,-0.04808715675884878,-0.5940806503709217,-1.4567387684757898,0
30,U,43376,15580385,51468,34398932,0.0027840133603887194,0.001496209242775328,0.0,-2.5553286848915135,-2.8250076667468402,-2.612692295516411,0.057363610624897365,-0.5668158106332988,-1.3241341251381773,0
31,A,8143,15649237,13249,34599796,0.0005203448577077591,0.00038292133283097967,0.0,-3.283708732983069,-3.4168904381111775,-3.250989264584116,-0.03271946839895312,-0.8545656010415132,-1.6297029497708047,0
32,C,13952,15752905,23084,34900769,0.0008856779114709319,0.0006614180908162797,0.0,-3.0527241863551797,-3.1795239306284917,-3.0008114097286507,-0.051912776626529045,-0.5096457226179885,-1.3723038407228565,0
33,A,5518,16102166,9281,35663446,0.0003426868161711909,0.0002602384525600807,0.0,-3.4651026034027548,-3.584628532137116,-3.415757979732232,-0.049344623670522836,-0.6667451792812333,-1.4418825280105247,0
34,C,14218,15817621,20705,35070459,0.0008988709490510614,0.00059038292028057,0.0,-3.046302655472653,-3.2288662150996412,-3.0581027155184435,0.011800060045790595,-1.073711339477133,-1.936369457582001,0
35,A,4764829,15886599,10257792,35186361,0.29992756788284264,0.2915275040803452,0.0,-0.5229836141699533,-0.5353204655813365,nan,nan,nan,nan,0
36,C,17724,15594560,24031,34376920,0.0011365501816017894,0.0006990445915457231,0.0,-2.94441138430186,-3.1554951200417767,-2.9729115678416496,0.02850018353978978,-0.9251697848082905,-1.7878279029131585,0
37,U,47490,15749633,44458,34622304,0.0030153083567090104,0.00128408554208293,0.0,-2.5206682686749113,-2.8914060438550693,-2.679172003156521,0.15850373448160981,2.2020142116218797,1.4446958971170012,0
38,G,17630,15444085,23658,34022454,0.0011415373588011203,0.0006953643026455411,0.0,-2.9425098708967568,-3.1577876081048597,-2.9416132852082524,-0.0008965856885043699,-1.4193504143555182,-2.603458187261108,0
39,A,22512,15604531,30394,34458244,0.0014426579049379952,0.0008820530726986552,0.0,-2.840836640224178,-3.054505282797066,-2.8950192222595423,0.0541825820353643,-0.5977941821539274,-1.3729315308832188,0
40,G,44432,15505825,60569,34196125,0.002865503770357269,0.001771224078751613,0.0,-2.5427990157721783,-2.751726492446678,-2.543458113163532,0.0006590973913538356,-1.419699326982876,-2.6038070998884653,0
41,G,36426,15757913,48835,34727224,0.00231160052730333,0.0014062454286585073,0.0,-2.636087215137952,-2.8519388763217086,-2.641719378288858,0.005632163150905978,-1.390152202724567,-2.5742599756301567,0
42,A,6524,15801517,10173,34900021,0.0004128717514906955,0.00029148979595169873,0.0,-3.384184830352217,-3.5353766437846796,-3.3673779715440233,-0.01680685880819377,-0.9630585371772554,-1.738195885906547,0
43,C,9686,15683087,14057,34837382,0.0006176080002616832,0.00040350334017636574,0.0,-3.209287086948552,-3.3941528658634468,-3.2500169763471387,0.04072988939858657,-0.7383033016745503,-1.6009614197794182,0
44,U,183967,15772409,242346,34943005,0.011663849193867594,0.00693546533848477,0.0,-1.9331581041405157,-2.1589243944095564,-1.9457931462077944,0.012635042067278723,-0.9638798392233445,-1.721198153728223,0
45,C,38104,15653027,39152,34652229,0.002434289546680013,0.0011298551674698905,0.0,-2.6136277658567737,-2.9469772237731533,-2.730801526002079,0.11717376014530512,1.925826915628481,1.063168797523613,0
46,U,69914,15857159,82877,35017715,0.00440898650256329,0.00236671638911905,0.0,-2.3556612306976636,-2.625853781792196,-2.4132944694882794,0.05763323879061577,-0.5628835973745905,-1.320201911879469,0
47,G,103914,15281013,194630,33684902,0.006800203625243955,0.005777959514324845,0.0,-2.1674780825885005,-2.2382255055459783,-2.039954906624819,-0.12752317596368146,13.93778159780102,12.753673824895431,0
48,U,23122,15203994,29128,33525687,0.0015207846043611961,0.0008688263420224617,0.0,-2.817932292693653,-3.061067020142927,-2.8490407950272587,0.031108502333605514,-0.8613977231194087,-1.6187160376242873,0
49,U,25163,15079675,34679,33270004,0.0016686699149683266,0.0010423503405650326,0.0,-2.7776295640310895,-2.9819862873686813,-2.7698631972641654,-0.007766366766924104,-0.9764765406213681,-1.7337948551262468,0
50,C,4602,15529044,7314,34338508,0.0002963479271486384,0.0002129970236330594,0.0,-3.5281981061541905,-3.6716264652409323,-3.57219145612472,0.043993349970529394,-0.6772791804899801,-1.539937298594848,0
51,C,4391,15520084,4927,34291165,0.0002829237264437486,0.0001436813243294592,0.0,-3.5483306303743385,-3.8425996777095817,-3.7707083813621787,0.22237775098784018,9.810042546425198,8.94738442832033,1
52,U,273113,15362454,437146,34182571,0.01777795396490691,0.01278856409016162,0.0,-1.7501182227179672,-1.893178215703331,-1.6797214583701578,-0.07039676434780939,-0.35564613181523674,-1.1129644463201154,0
53,C,225728,15232645,343711,33923389,0.01481870023229715,0.010131977085190398,0.0,-1.8291898872268733,-1.994305801094934,-1.6246551369801492,-0.20453475024672407,8.128811593612044,7.266153475507176,0
54,C,10169182,15168335,23742439,34319319,0.6704217700888068,0.6918097355020361,0.24980724420983913,-0.173651891639219,-0.16001333066357284,nan,nan,nan,nan,0
55,C,40736,15214760,38111,34390354,0.0026774001035836255,0.001108188650805979,0.0,-2.5722867241456835,-2.9553863018548516,-2.740565303033329,0.1682785788876453,5.1455318228125435,4.282873704707676,1
56,C,91740,15160437,95279,34241622,0.006051276754093566,0.0027825492612470284,0.0,-2.2181529842304974,-2.5555571383325604,-2.2763238290815853,0.05817084485108781,-0.35759670693928736,-1.2202548250441554,0
57,U,212751,14491345,151051,32495603,0.014681245943699498,0.004648351963187142,0.0,-1.8332370858700886,-2.3327009955310407,-2.1197826040889356,0.286545518218847,9.428807884789299,8.67148957028442,1
58,U,105805,14540763,66288,32366066,0.007276440720476635,0.002048070964200592,0.0,-2.1380810044031526,-2.6886549994409386,-2.4761726115538014,0.3380916071506488,13.512089897674082,12.754771583169203,1
59,U,203045,14780124,142333,32565448,0.013737706124793,0.004370675324349906,0.0,-1.8620857782307936,-2.3594514538810607,-2.146565828736875,0.2844800505060814,9.27923260308717,8.521914288582291,1
60,C,65353,15466768,28453,33933921,0.004225381799222694,0.0008384825319773686,0.0,-2.3741340427369955,-3.0765059805771084,-2.8811973111620888,0.5070632684250933,55.64281905560797,54.780160937503105,1
61,C,27903,15429856,24191,33857587,0.0018083772136305097,0.0007144927368864178,0.0,-2.7427109739098507,-3.1460021816332384,-2.9618893210398167,0.21917834712996598,9.498242940237729,8.635584822132861,1
62,G,104952,15406332,153112,33808853,0.006812263944461277,0.004528754643051629,0.0,-2.166708533433696,-2.344021207701946,-2.1436907837358894,-0.02301774969780679,-0.9197536272198413,-2.1038614001254308,0
63,C,34228,15560320,45930,34194367,0.0021996976925924405,0.0013432036919999134,0.0,-2.6576370007506296,-2.871858123143842,-2.6435807697899407,-0.014056230960688865,-1.0608359956770304,-1.9234941137818984,0
64,C,9038,15410919,14522,33944742,0.0005864672963370971,0.00042781294375429337,0.0,-3.231756200797108,-3.368746079708333,-3.220517167606026,-0.011239033191082104,-1.0765641284273118,-1.9392222465321798,0
65,U,14395,14853936,18883,32786867,0.0009691034080125295,0.0005759318205060581,0.0,-3.0136298791586165,-3.239628925831234,-3.027821418934231,0.014191539775614714,-0.9585844280275942,-1.7159027425324727,0
66,A,11750,14705730,17134,32425145,0.0007990082777257572,0.000528417066446426,0.0,-3.0974487213718698,-3.277023164290259,-3.1135979872325397,0.016149265860669892,-0.9660419765463091,-1.7411793252756005,0
67,G,363347,14723144,571845,32278380,0.024678628423385657,0.017716037793718272,0.0,-1.6076789809721705,-1.7516334019035473,-1.5628366717814655,-0.04484230919070509,0.4789093018568586,-0.7051984710487309,0
68,G,90849,15236134,123246,33259017,0.0059627330660126775,0.003705641691093877,0.0,-2.2245546323031897,-2.431136576140641,-2.2291100301767273,0.004555397873537537,-1.4005118414634603,-2.58461961436905,0
69,G,61340,15254454,84626,33262919,0.004021120651057062,0.002544154347969281,0.0,-2.3956528959838272,-2.59445654458103,-2.389250185501179,-0.006402710482648288,-1.3813944193054288,-2.565502192211018,0
70,G,52776,15102723,88871,33177915,0.003494469176187632,0.0026786191959319926,0.0,-2.4566187859730046,-2.572089023181829,-2.36731815609108,-0.08930062988192455,6.111059358341539,4.926951585435949,0
71,A,21288,13069186,40069,28981376,0.0016288696174344753,0.0013825775560139036,0.0,-2.7881136773212813,-2.859310497488613,-2.703279867131823,-0.08483381018945835,-0.011199898315505384,-0.7863372470447968,0
72,A,12396,12993619,19731,28959367,0.0009540067320736432,0.0006813339531903443,0.0,-3.0204485606291134,-3.1666399681488313,-3.0051688465070403,-0.015279714122073074,-0.9698042438342239,-1.7449415925635154,0
73,A,10659,13032356,15404,28935440,0.0008178874180539574,0.0005323575518464554,0.0,-3.0873064727136112,-3.273796580796536,-3.110428522242097,0.023122049528485622,-0.9283450822454051,-1.7034824309746965,0
74,G,25771,14771445,40616,32497888,0.0017446498971495342,0.0012498042949744919,0.0,-2.75829171081994,-2.903157987205403,-2.691941261447554,-0.06635044937238588,2.737474898383185,1.5533671254775954,0
75,U,440509,15232083,362388,33319174,0.028919813527801812,0.010876260017730332,0.0,-1.538804511657859,-1.963520418322894,-1.7501498222635639,0.21134531060570483,4.680498262999043,3.9231799484941643,1
76,C,104375,15114793,207800,32948461,0.006905486565380022,0.006306819611392471,0.0,-2.1608057153163656,-2.200189590585435,-1.8637067185452145,-0.29709899677115104,18.37708320712238,17.51442508901751,0
77,C,39780,15479154,54975,33938791,0.0025699078903149357,0.0016198278836744655,0.0,-2.5900824422114392,-2.7905311293719097,-2.5491520314554466,-0.040930410755992686,-0.7346892677995348,-1.5973473859044027,0
78,C,21857,15411062,30758,33748410,0.0014182669565536755,0.0009113910847948096,0.0,-2.8482420153827412,-3.0402952239907393,-2.8391530168878254,-0.009088998494915845,-1.0862104427367134,-1.9488685608415814,0
79,C,73592,15440051,116723,33893359,0.0047663054998976365,0.0034438309876574937,0.0,-2.321818124669449,-2.462958170496212,-2.1688072063919055,-0.15301091827754343,4.062877941020227,3.2002198229153596,0
80,G,73316,15402929,100968,33751687,0.004759873917486733,0.002991494914017187,0.0,-2.3224045509906386,-2.5241117311860157,-2.320274974135896,-0.0021295768547426874,-1.4158266605172458,-2.5999344334228356,0
81,G,35410,14654075,46823,32293450,0.002416392709877628,0.001449922507505392,0.0,-2.6168324831828853,-2.838655208428564,-2.6286943412404153,0.01186185805753004,-1.2872298341599813,-2.471337607065571,0
82,A,13142,14754637,16395,32740427,0.0008907030379669795,0.0005007570609876286,0.0,-3.0502670664110862,-3.3003729181674992,-3.136534392750434,0.08626732633934786,0.022566086181035696,-0.7525712625482557,0
83,C,170763,14815923,235124,33190954,0.011525640353287472,0.007083978363502296,0.0,-1.9383349362920201,-2.1497227739396014,-1.805109718919378,-0.13322521737264204,2.812916802534866,1.950258684429998,0
84,C,241491,14743067,118773,32824043,0.01637997032774795,0.0036184756399447807,0.0,-1.7856868892976396,-2.4414743467558138,-2.1438623476639957,0.3581754583663561,27.210276171823253,26.347618053718385,1
85,U,294615,14907282,111838,32979905,0.019763160044869346,0.003391095274531567,0.0,-1.7041436123635818,-2.4696600083280584,-2.25690937624758,0.5527657638839982,37.765555673949066,37.00823735944419,1
86,C,150714,14737170,74853,32428548,0.010226793882407544,0.002308243958378895,0.0,-1.9902604970225133,-2.6367182924926262,-2.370560011112347,0.38029951408983353,30.81623809187895,29.953579973774083,1
87,G,146264,15285739,163104,33464846,0.00956865742637631,0.0048738906493100255,0.0,-2.019148993594076,-2.312124218880058,-2.1124148240776934,0.09326583048361758,6.794718309295503,5.610610536389913,1
88,G,79128,15161272,102809,33113273,0.0052190871583861825,0.003104767082372075,0.0,-2.282405450396867,-2.5079709747578476,-2.3044484755996537,0.02204302520278656,-0.9612331624379986,-2.1453409353435884,0
89,G,107899,15426876,141046,33821318,0.006994222291019906,0.004170328311865315,0.0,-2.1552605690200273,-2.3798297535589064,-2.1788021430524287,0.023541574032401424,-0.8967208833053673,-2.080828656210957,0
90,C,16964,14556339,17565,32066121,0.0011654029217099161,0.0005477743940403643,0.0,-2.933523897451546,-3.2613982728978415,-3.095875674173766,0.16235177672222,4.713034158610797,3.850376040505929,1
91,A,22371,14618261,21623,32260867,0.001530346188236754,0.0006702547702763227,0.0,-2.815210313865966,-3.1737600864128757,-3.0121629210783647,0.1969526072123986,4.338130670285549,3.5629933215562577,1
92,G,62592,14100357,79828,31217681,0.0044390365435428335,0.002557140615281449,0.0,-2.3527112797113587,-2.5922453897829256,-2.3870820815259197,0.03437080181456098,-0.30444749944913446,-1.488555272354724,0
93,A,24764,15000479,32759,33198430,0.0016508806152123541,0.0009867635306850355,0.0,-2.782284331963841,-3.0057869097649186,-2.8471632848517148,0.06487895288787371,-0.4224740209299182,-1.1976113696592097,0
94,G,29080,14939446,31377,33158862,0.0019465246569384167,0.0009462628723506856,0.0,-2.710740090633478,-3.0239881995892577,-2.8104189293274593,0.09967883869398131,7.9632699927036255,6.779162219798036,1
95,A,20548,15373136,31282,33972534,0.0013366173303872417,0.0009208026695918532,0.0,-2.873992912176298,-3.035833430269522,-2.8766779076746585,0.002684995498360543,-1.000952418654424,-1.7760897673837155,0
96,G,128932,14850828,55624,32649941,0.008681805485862473,0.0017036477952594156,0.0,-2.0613899486704255,-2.7686201844434084,-2.560022887735769,0.49863293906534345,233.3891794355489,232.20507166264332,1
97,U,48281,15067834,67181,32982758,0.003204242892508638,0.0020368521031503793,0.0,-2.4942745703412443,-2.691040504194504,-2.4785610382819523,-0.015713532059292046,-0.9528122041832339,-1.7101305186881124,0
98,G,88091,14874852,119516,32560912,0.005922142956447567,0.003670536009556489,0.0,-2.2275211132508437,-2.4352705109536608,-2.233163477953995,0.005642364703151159,-1.3900435806814524,-2.574151353587042,0
99,C,97002,15400594,108642,33851462,0.0062985882232854135,0.0032093739407769153,0.0,-2.2007567831726655,-2.493579678057332,-2.2043618259688396,0.0036050427961740183,-1.1015748020683451,-1.9642329201732132,0
100,C,16079,15113891,14675,33313976,0.001063855760240695,0.0004405058105342935,0.0,-2.973117250591673,-3.3560483586109857,-3.20577384896931,0.2326565983776372,10.84235035156885,9.979692233463982,1
101,A,37179,15372006,13681,33944866,0.0024186173229440583,0.00040303591123323334,0.0,-2.616432840890216,-3.394656255706055,-3.229148682165823,0.6127158412756066,50.680392886623174,49.905255537893886,1
102,C,51673,15098258,49542,33201846,0.0034224478082173454,0.0014921459487523675,0.0,-2.465663166064984,-2.8261886958728537,-2.5905540169537047,0.12489085088872054,2.3381194967226726,1.4754613786178046,0
103,G,44996,14534851,52066,31560119,0.003095731769111359,0.0016497402940717683,0.0,-2.509236675974087,-2.7825844180459867,-2.573715239990417,0.0644785640163299,2.5061956546919624,1.3220878817863728,0
104,U,89183,14448203,115026,31308294,0.006172601533907019,0.003673978531056339,0.0,-2.209531757572154,-2.4348633858285247,-2.2220701318054807,0.01253837423332671,-0.9641884492337949,-1.7215067637386734,0
105,G,133872,14571784,160236,31694052,0.009187070025193896,0.005055712030762113,0.0,-2.0368229733559553,-2.2962176710810236,-2.0968179741668207,0.059995000810865395,1.9791432860529823,0.7950355131473927,0
106,C,17812,14426110,20485,31813217,0.0012347056829595782,0.0006439147603337317,0.0,-2.9084365529303446,-3.1911716195452127,-3.0143355364411546,0.10589898351080995,1.370722008055447,0.5080638899505789,0
107,A,28637,13677628,15659,30296173,0.002093710985559777,0.0005168639616627487,0.0,-2.6790832682347063,-3.2866237479573512,-3.123028616838085,0.44394534860337886,26.13012660253482,25.354989253805527,1
108,U,110727,13465074,47036,29726899,0.008223274524893067,0.001582270656619784,0.0,-2.0849552110595684,-2.8007192258809854,-2.588374104046698,0.5034188929871295,31.155801051204943,30.398482736700064,1
109,A,33021,14318547,27220,31591721,0.0023061697531181063,0.0008616181435636254,0.0,-2.637108728208229,-3.0646851644377895,-2.905018894832682,0.267910166624453,8.879087479593595,8.103950130864304,1
110,C,45170,14434705,53374,31535773,0.003129263812457546,0.001692490620096739,0.0,-2.504557822131874,-2.771473729527022,-2.52702449249421,0.02246667036233596,-0.9930399182297587,-1.8556980363346267,0
111,G,105071,14885050,131434,32477304,0.007058827481264759,0.00404694921721335,0.0,-2.151267432192758,-2.392872245280386,-2.1915906995898857,0.04032326739712788,0.11544329955566411,-1.0686644733499255,0
112,C,11550,14114268,13133,30869272,0.0008183208650990615,0.00042543925234129267,0.0,-3.087076375278917,-3.3711624432325538,-3.2233228062798167,0.13624643100089973,2.992603168411323,2.129945050306455,0
113,A,19551,14910698,17252,32916875,0.0013112062225390118,0.0005241080752653464,0.0,-2.882328998418686,-3.2805791487954754,-3.117091022022362,0.23476202360367582,6.585221737803272,5.81008438907398,1
114,C,22275,14609131,24609,32146753,0.0015247313478125427,0.0007655205488405003,0.0,-2.816806670704569,-3.116043147058129,-2.9271038985688906,0.11029722786432172,1.5805908877096666,0.7179327696047986,0
115,G,33469,14057330,43226,30383673,0.002380893099898772,0.0014226719725426219,0.0,-2.6232601036149896,-2.84689522425658,-2.6367739253058264,0.013513821690836814,-1.247641109387192,-2.4317488822927817,0
116,U,57080,13237951,53250,28458136,0.004311845541655201,0.0018711696366901895,0.0,-2.3653368047805685,-2.7278868384011754,-2.5154525050971213,0.15011570031655275,1.8737153882686783,1.1163970737637998,0
117,A,49464,13091431,29436,28155820,0.0037783493645576257,0.001045467686609731,0.0,-2.4226978875775997,-2.9806893858438777,-2.8225100491399178,0.399812161562318,21.00379288687374,20.228655538144448,1
118,G,22368,12069173,27683,26513271,0.0018533167102667265,0.0010441186227078507,0.0,-2.7320503584641207,-2.981250158171981,-2.7685129905976,0.03646263213347911,-0.16451515986965487,-1.3486229327752444,0
119,A,17594,12821858,25751,28333545,0.0013721880245437129,0.0009088520338700999,0.0,-2.8625863751985587,-3.0415068165629093,-2.882250861007226,0.019664485808667198,-0.9487108715087216,-1.723848220238013,0
120,C,10834,12365271,12777,27280993,0.0008761635713442917,0.00046834805463276207,0.0,-3.0574148076438585,-3.3294312793498215,-3.174868769410739,0.11745396176688061,1.940337021438726,1.077678903333858,0
121,A,34490,12604078,43741,27332358,0.0027364159441095174,0.0016003375925340946,0.0,-2.5628178877626873,-2.79578839290072,-2.640882260808522,0.07806437304583458,-0.1630072252473686,-0.9381445739766601,0
122,U,85553,12712005,54055,27527830,0.006730094898483756,0.0019636491506958595,0.0,-2.171978811913131,-2.706936105921911,-2.494476110330764,0.3224972984176331,12.205668552711185,11.448350238206306,1
123,U,285364,14446650,180204,31660729,0.01975295310677562,0.005691719859008932,0.0,-1.7043679672728214,-2.244756483619484,-2.031730370057633,0.32736240278481166,12.60662539745359,11.84930708294871,1
124,C,69925,16716968,144106,37098929,0.004182875746367404,0.00388437089383362,0.0,-2.378525036081209,-2.4106793087704816,-2.108106241984342,-0.27041879409686675,15.035215789010156,14.172557670905288,0
125,C,31129,17058989,40389,37886239,0.0018247857478541078,0.0010660598957843242,0.0,-2.7387881196935338,-2.9722183941107003,-2.7601090382869264,0.02132091859339269,-1.0041128386892715,-1.8667709567941395,0
126,C,39829,17053965,52149,37923575,0.00233546861389712,0.0013751077001574877,0.0,-2.631625964772208,-2.861663286013816,-2.6317435486771856,0.00011758390497762505,-1.1044401620840667,-1.9670982801889347,0
127,C,23416,16952574,33253,37728367,0.0013812651695252886,0.0008813792550311017,0.0,-2.8597229393744703,-3.054837175668108,-2.856037670876954,-0.0036852684975161587,-1.101445715752361,-1.964103833857229,0
128,G,179715,17018300,232954,37933802,0.010560102948003032,0.006141066482078438,0.0,-1.9763318479450374,-2.211756200998629,-2.0140009551146587,0.03766910716962135,-0.08005033706443837,-1.2641581099700279,0
129,C,98480,16462614,182295,36727778,0.005982039061354412,0.00496340943903549,0.0,-2.2231507554512584,-2.3042198977264348,-1.9844962645036288,-0.23865449094762958,11.466267542739894,10.603609424635026,0
130,U,101562,16177148,76676,36291236,0.006278115277179884,0.0021127965991568874,0.0,-2.202170714156289,-2.6751423108585852,-2.4626433714502003,0.26047265729391134,7.620067195011115,6.862748880506237,1
131,U,315735,16337186,232128,36339772,0.01932615567944198,0.0063877120637961075,0.0,-1.7138545263774223,-2.1946546686016264,-1.9815671859605732,0.26771265958315094,8.105032747548007,7.347714433043128,1
132,C,83146,16749480,86874,37182593,0.004964094407706986,0.0023364158599697444,0.0,-2.3041599676333577,-2.631449854360967,-2.3644428298089153,0.06028286217555756,-0.30238047781424593,-1.165038595919114,0
133,C,18164,17128894,23332,38046411,0.0010604304049053022,0.000613251010719513,0.0,-2.9745178285688105,-3.2123617273457175,-3.038939361714531,0.0644215331457203,-0.18847010510629478,-1.0511282232111627,0
134,C,11989,16945565,17995,37631769,0.0007075007531469149,0.0004781863961803124,0.0,-3.150273093489361,-3.320402783192768,-3.164385786312173,0.014112692822811912,-1.0604849641986678,-1.9231430823035358,0
135,A,19930,17072781,19102,38006407,0.0011673552188129163,0.0005025994696104791,0.0,-2.9327969707787007,-3.298777974050971,-3.134967683087137,0.20217071230843642,4.624841341319578,3.8497039925902863,1
136,C,13655,16777370,18896,37334225,0.0008138939535815208,0.0005061307687517284,0.0,-3.089432177880622,-3.2957372602155965,-3.13574665793585,0.04631448005522776,-0.6310149334098941,-1.493673051514762,0
137,U,283857,16885303,327169,37537553,0.01681089169676138,0.008715778569796492,0.0,-1.7744092497543322,-2.0596938118283843,-1.8464410173417325,0.07203176758740026,-0.3261135456808262,-1.0834318601857047,0
138,C,45033,16803654,36190,37351139,0.0026799528245463754,0.0009689128891089506,0.0,-2.5718728508292394,-3.013715266788134,-2.8082910397358667,0.23641818890662725,11.23178466933478,10.369126551229913,1
139,C,62502,16773417,75527,37352165,0.003726253273259706,0.002022024693883206,0.0,-2.4287276294610227,-2.694213544911325,-2.437317724564122,0.008590095103099493,-1.0881571339239926,-1.9508152520288606,0
140,A,92555,16236072,73687,36332849,0.005700578317218598,0.002028109604066557,0.0,-2.2440810834088336,-2.692908578354947,-2.539823673277641,0.2957425898688073,11.038753462070288,10.263616113340996,1
141,A,24939,16019267,23119,35887334,0.0015568128054798012,0.0006442105730116369,0.0,-2.807763604795184,-3.1909721516632854,-3.0290702902292086,0.22130668543402443,5.740431618197114,4.965294269467822,1
142,A,34037,15839591,27242,35583982,0.002148855990031561,0.0007655691822236196,0.0,-2.6677926886641172,-3.1160155572839914,-2.955440612847487,0.2876479241833696,10.388650398841094,9.613513050111802,1
143,G,160420,16071582,42045,36074799,0.009981593597942007,0.0011654950593071912,0.0,-2.000800116473928,-2.933489563173153,-2.721682286584256,0.7208821701103276,234.3891794355489,233.20507166264332,1
144,U,586089,16486330,338566,36654656,0.03554999808932613,0.009236643770439423,0.0,-1.4491604182758504,-2.0344858054856956,-1.8212021340310693,0.37204171575521894,16.569593125197535,15.812274810692657,1
145,C,12500,16759693,12947,37313131,0.0007458370508338071,0.00034698240681008515,0.0,-3.1273560460578556,-3.4596925448604194,-3.326115070122588,0.19875902406473234,7.61471026663391,6.752052148529042,1
146,C,13345,16918085,19195,37788965,0.0007888008601446323,0.0005079525200015401,0.0,-3.1030326244919673,-3.29417688075747,-3.1339349020019327,0.030902277509965437,-0.8936767116193705,-1.7563348297242385,0
147,G,174510,15804959,239600,35084899,0.011041471224316368,0.006829148916746204,0.0,-1.9569730550459357,-2.165633416932203,-1.9687761741223118,0.0118031190763761,-1.2885425956974343,-2.472650368603024,0
148,C,30433,15499033,32349,34472719,0.0019635418545144077,0.0009383942125365858,0.0,-2.7069598369497547,-3.027614679357122,-2.824429641835937,0.11746980488618242,1.9411584849160306,1.0785003668111626,0
149,C,11386,14764295,8667,33323934,0.000771184807672835,0.00026008333829973375,0.0,-3.112841534614619,-3.584887469089257,-3.4714788440986006,0.3586373094839814,27.28334436065685,26.420686242551984,1
150,A,32082,13351542,17513,30645328,0.0024028685226021086,0.0005714737332881541,0.0,-2.619269991772269,-3.243003726336364,-3.0801807774193795,0.46091078564711063,28.243462447011726,27.468325098282435,1
151,A,66187,13420089,19355,30808830,0.004931934505054325,0.000628228985002027,0.0,-2.306982699367945,-3.2018820301533006,-3.0397870369030078,0.7328043375350628,72.92452953278861,72.14939218405932,1
152,G,19070,13202651,17910,30152755,0.0014444068846476363,0.0005939755753661647,0.0,-2.840310450211043,-3.2262314131026235,-3.0087245004993513,0.16841405028830847,25.366021303047305,24.181913530141713,1
153,A,13387,13656989,16962,31082537,0.0009802307082476232,0.0005457083506407472,0.0,-3.008671696218828,-3.2630394004234717,-3.0998617705511404,0.09119007433231241,0.14282731912176722,-0.6323100296075241,0
154,A,10503,13670103,17107,31126917,0.0007683190097397218,0.0005495886405968185,0.0,-3.1144584213701143,-3.259962252253277,-3.0968390955096265,-0.017619325860487756,-0.9592080242601356,-1.7343453729894271,0
155,G,68767,14392213,107726,32561362,0.004778069918781775,0.0033083996916345206,0.0,-2.320747499391722,-2.4803820283258156,-2.277396681449472,-0.04335081794225015,0.35468436152338106,-0.8294234113822085,0
156,C,39888,15766634,53123,35315365,0.002529899533407067,0.0015042460979802985,0.0,-2.5968967250507697,-2.8226811063962685,-2.5864813562846267,-0.010415368766143018,-1.0805006905911172,-1.9431588086959852,0
157,G,104851,14322750,140263,32187707,0.00732059136688136,0.004357657412502233,0.0,-2.135453834652038,-2.360746915830973,-2.1600908450588956,0.024637010406857396,-0.8468789891253999,-2.0309867620309894,0
158,U,54052,13574195,46259,30592022,0.0039819672547801175,0.001512126266122586,0.0,-2.399902315661391,-2.8204119427033767,-2.6080909422287233,0.2081886265673325,4.512546689898278,3.755228375393399,1
159,A,24262,12944401,12369,29186041,0.0018743238872157932,0.00042379848640656674,0.0,-2.7271553599389065,-3.3728405987022647,-3.207719216214751,0.4805638562758445,30.79066202622789,30.015524677498597,1
160,U,209284,13842181,170536,31146863,0.015119293700898723,0.00547522233619482,0.0,-1.820468496464897,-2.2615982404290342,-2.048592756121975,0.22812425965707805,5.61564427968335,4.858325965178471,1
161,C,116827,14600805,95725,32780473,0.008001408141537401,0.002920183610529354,0.0,-2.096833576222543,-2.5345898408348857,-2.2519787087573087,0.15514513253476547,4.208032047842614,3.345373929737746,1
162,C,43854,15415728,35139,34505703,0.002844756991041876,0.0010183534008856448,0.0,-2.5459548266176357,-2.9921014819007983,-2.783195283174794,0.2372404565571582,11.317745238929753,10.455087120824885,1
163,C,18715,15632180,24956,34882878,0.001197209858125994,0.0007154226208055425,0.0,-2.921829715727524,-3.1454373320991142,-2.9612334744828206,0.03940375875529645,-0.7617575671506545,-1.6244156852555225,0
164,G,165190,15869554,236044,35376090,0.010409240234476659,0.006672416312825979,0.0,-1.982580968281579,-2.1757168645402007,-1.9786632986519748,-0.003917669629604159,-1.4056148895806495,-2.5897226624862393,0
165,C,15372,15484832,20278,34578598,0.000992713385589201,0.0005864321046214772,0.0,-3.0031761221233717,-3.2317822619714844,-3.0614885363174342,0.05831241419406252,-0.3539571095836451,-1.2166152276885132,0
166,U,27713,15591297,37421,34876044,0.0017774659798989142,0.0010729714643094269,0.0,-2.7501987027689787,-2.9694118279480715,-2.7572733355473344,0.007074632778355738,-0.9777784721102446,-1.7350967866151232,0
167,G,22242,15479169,31370,34604944,0.0014368988412750065,0.0009065178663488085,0.0,-2.842573805437431,-3.0426236320756583,-2.828691532986453,-0.013882272450978395,-1.2381082880818015,-2.422216060987391,0
168,A,14375,16063573,19910,35893300,0.0008948818547405362,0.0005546996236066341,0.0,-3.0482342978920722,-3.255942128813101,-3.092890138191248,0.044655840299175686,-0.7274207818126579,-1.5025581305419493,0
169,G,101726,15672790,147885,35023854,0.006490612073536364,0.004222407962299066,0.0,-2.187714346708819,-2.3744398081634137,-2.1735171390136268,-0.014197207695192393,-1.229756803694634,-2.413864576600224,0
170,C,46308,16035738,59233,35819560,0.0028877997383095185,0.0016536495702348102,0.0,-2.5394329272944716,-2.7815565176599315,-2.538731613563441,-0.0007013137310307727,-1.1043346597390098,-1.9669927778438778,0
171,G,53564,16111181,73077,35973026,0.003324647646873311,0.002031438778600388,0.0,-2.47825437536156,-2.692196261458005,-2.4850869260511237,0.006832550689563899,-1.3760217155132821,-2.5601294884188714,0
172,G,154246,15997085,216386,35734538,0.009642131675864696,0.0060553742152759885,0.0,-2.0158269419557953,-2.2178590127839284,-2.019984946151067,0.00415800419527157,-1.4037819491460821,-2.5878897220516714,0
173,C,34688,16133618,45433,36105846,0.002150044707888832,0.0012583280834909671,0.0,-2.6675525092994903,-2.9002061106609403,-2.6764956061979897,0.00894309689849937,-1.0867911093436446,-1.9494492274485127,0
174,G,49148,15531962,68165,34774679,0.00316431369069793,0.0019601906318100016,0.0,-2.499720469742565,-2.707701690726545,-2.500290467143789,0.0005699974012243203,-1.419802749803975,-2.6039105227095645,0
175,U,37506,15984135,42054,35830233,0.0023464516534676414,0.0011737015497498998,0.0,-2.6295883896076893,-2.9304423219765745,-2.718256096321113,0.08866770671342383,0.01292388056725808,-0.7443944339376204,0
176,G,55836,15963516,70822,35775850,0.0034977256890023475,0.0019796035593843335,0.0,-2.4562142532975852,-2.703421773986167,-2.49609387968345,0.03987962638586495,0.08184053026140019,-1.1022672426441893,0
177,G,178518,16257052,293592,36398344,0.01098095767916594,0.008066081248091946,0.0,-1.9593597822319975,-2.093337407741209,-1.897887756424573,-0.06147202580742439,2.148576906593939,0.9644691336883493,0
178,C,102007,16366630,81825,36615612,0.00623262088774537,0.002234702508864252,0.0,-2.205329289178527,-2.650780283430468,-2.3868873828882573,0.18155809370973008,6.170872419447497,5.3082143013426295,1
179,G,97372,16024894,135200,35808508,0.006076296042894262,0.0037756390185259884,0.0,-2.216361075055579,-2.4230095344365585,-2.221141220647505,0.004780145591925855,-1.3985303680832255,-2.582638140988815,0
180,C,31013,16268668,41356,36363292,0.001906302347555436,0.001137300770238294,0.0,-2.7198082173066105,-2.944124666727351,-2.7274894232134566,0.007681205906846067,-1.0914211615935296,-1.9540792796983977,0
181,G,106560,16197744,191600,36208401,0.0065786939218202235,0.005291589650700123,0.0,-2.1818603189769967,-2.2764138416097013,-2.077399722021407,-0.10446059695558985,8.885136150547948,7.701028377642359,0
182,G,68916,16509738,97666,36871282,0.004174263698188306,0.002648836566084141,0.0,-2.379420118986267,-2.5769448369603993,-2.3720794279683197,-0.007340691017947432,-1.369220192014227,-2.5533279649198164,0
183,G,128222,16433050,178745,36691176,0.00780269031007634,0.004871607276910394,0.0,-2.107755629954131,-2.3123277294772473,-2.112614372356788,0.004858742402656713,-1.3978149083390539,-2.5819226812446434,0
184,G,66192,16460109,92467,36756778,0.004021358546289092,0.0025156448696346564,0.0,-2.395627203262954,-2.5993506676956954,-2.3940490208379956,-0.0015781824249585519,-1.417757415882965,-2.6018651887885547,0
185,G,158739,15976667,227315,35706927,0.009935676821705052,0.0063661317032406625,0.0,-2.002802543257753,-2.1961243808895357,-1.998673483990466,-0.004129059267286905,-1.4040084795417243,-2.588116252447314,0
186,C,53535,16075309,61729,35923806,0.0033302625784673873,0.0017183312926252858,0.0,-2.4775215226847704,-2.7648931008724476,-2.5193837273253665,0.04186220464059609,-0.7176625056589352,-1.5803206237638032,0
187,G,44404,14732965,70659,32938771,0.003013921501883701,0.0021451620037675357,0.0,-2.520868063150352,-2.668539904092073,-2.4618911541001034,-0.05897690905024877,1.864754170645522,0.6806463977399324,0
188,U,135642,14878544,213508,33275739,0.009116617862608062,0.006416326321107399,0.0,-2.040166248955889,-2.1927135568416563,-1.9796236965573724,-0.06054255239851658,-0.5192817469417691,-1.2766000614466475,0
189,C,8463,14328413,11057,32275560,0.000590644616399597,0.00034258119766163625,0.0,-3.2286737501845413,-3.465236476676638,-3.3325521270275327,0.1038783768429914,1.2771682992141762,0.41451018110930815,0
190,A,83596,15017475,23315,33909088,0.005566581599103711,0.0006875737855291183,0.0,-2.2544114203365346,-3.162680689601442,-3.0012796569764504,0.7468682366399158,75.78933606759934,75.01419871887005,1
191,U,209343,14880190,121595,33499863,0.014068570360996735,0.0036297163364518836,0.0,-1.851750033046853,-2.4401273138970407,-2.2273405075928756,0.37559047454602257,16.906066215958024,16.148747901453145,1
192,C,67513,15062658,17898,33686070,0.004482143855354082,0.0005313175446111702,0.0,-2.348514208804109,-3.2746458430362164,-3.1112574223012395,0.7627432134971306,127.29919095303147,126.4365328349266,1
193,C,57202,15572326,22891,34854810,0.0036733112317324976,0.0006567529703934694,0.0,-2.4349422732616532,-3.1825979542897787,-3.0043806573115592,0.569438384049906,70.46276691600684,69.60010879790197,1
194,G,41101,15148644,43317,34401570,0.0027131801367831997,0.0012591576489096282,0.0,-2.5665213710692836,-2.8999198920007068,-2.6887662114277235,0.12224484035843997,12.69273051599715,11.50862274309156,1
195,U,69604,15182594,101065,34480843,0.004584460336619685,0.002931047828500017,0.0,-2.338711780304169,-2.5329770947365358,-2.320304018953953,-0.0184077613502156,-0.9411536175952806,-1.6984719321001591,0
196,C,9672,14980978,12237,34181982,0.00064561873063294,0.00035799562471245815,0.0,-3.190023878390498,-3.4461222811070966,-3.3103586425742377,0.12033476418373956,2.091527814081874,1.228869695977006,0
197,A,28127,15837374,22987,35733462,0.001775988872902793,0.0006432905941215547,0.0,-2.750559759532674,-3.1915927985933674,-3.029679950174519,0.2791201906418448,9.723280784334134,8.948143435604843,1
198,G,110231,15949219,92027,36064889,0.006911372901707601,0.0025517061760539452,0.0,-2.160435674129156,-2.593169335227105,-2.387988037903178,0.22755236377402177,47.48069985504224,46.29659208213665,1
199,C,63894,15558024,25692,35212145,0.0041068197349483455,0.0007296346189645647,0.0,-2.3864943596823545,-3.1368945682259732,-2.9513144749352365,0.564820115252882,69.30662310153099,68.44396498342611,1
200,U,562168,15286764,205425,34367625,0.03677482036093446,0.005977282398769191,0.0,-1.4344494400537415,-2.2234962252889674,-2.010444070305725,0.5759946302519834,41.09073936681212,40.333421052307244,1
201,C,97901,15078391,48581,33821360,0.006492801519737749,0.0014363999555310608,0.0,-2.1875678729935872,-2.8427246169911156,-2.6097538680237573,0.42218599503017007,38.2350042990376,37.37234618093273,1
202,C,51448,15456600,39226,34628503,0.003328545734508236,0.0011327662648310266,0.0,-2.477745471427316,-2.9458596932841536,-2.7295039618203445,0.25175849039302856,12.884627411456547,12.02196929335168,1
203,C,36484,14979023,39285,33753439,0.0024356728739918483,0.0011638814047955231,0.0,-2.6133810405712543,-2.934091270430883,-2.715839650984787,0.10245861041353255,1.2125114407592965,0.3498533226544285,0
204,U,182516,15069364,234687,33918210,0.012111725484897704,0.006919203578254866,0.0,-1.91679398111887,-2.159943891305444,-1.9468138918725284,0.030019910753658507,-0.8698367808186407,-1.6271550953235192,0
205,C,14857,14380769,19040,31899543,0.0010331158229438216,0.0005968737545863902,0.0,-2.98585098685828,-3.2241175172532426,-3.052589004442086,0.06673801758380593,-0.12141220977842027,-0.9840703278832883,0
206,U,40627,14461575,28335,31133463,0.0028093067318048,0.0009101139825017217,0.0,-2.551400840129975,-3.0409042133145183,-2.828853291031916,0.27745245090194093,8.778417952027135,8.021099637522257,1
207,A,20134,14587658,25093,31187069,0.001380207844192673,0.0008045962895711681,0.0,-2.8600555086791055,-3.0944219745269783,-2.9342292898801032,0.07417378120099771,-0.24454579969863283,-1.0196831484279243,0
208,G,46965,14596839,41108,31035610,0.0032174774278184476,0.0013245430007658944,0.0,-2.4924844912015955,-2.8779339379388875,-2.667208320301256,0.17472382909966067,27.41075212602713,26.22664435312154,1
209,U,62802,14870468,57078,32213990,0.004223269906501934,0.0017718388811817473,0.0,-2.3743511622031654,-2.7515757724010186,-2.5391704553724495,0.164819293169284,2.460975159508897,1.7036568450040186,0
210,U,45960,14198085,21025,30539776,0.003237056264982214,0.0006884464378520655,0.0,-2.489849751830379,-3.1621298428437496,-2.950227408300708,0.460377656470329,25.89495042828047,25.13763211377559,1
211,A,10399,14703686,14899,32159025,0.0007072376273541206,0.00046329140886578493,0.0,-3.1504346414939244,-3.334145753146244,-3.1697093650706547,0.019274723576730324,-0.9508002196706243,-1.7259375683999156,0
212,C,12823,15059682,20511,32924563,0.0008514788028060619,0.0006229695440452771,0.0,-3.06982615913878,-3.2055331847636097,-3.031010743788482,-0.038815415350297755,-0.7719145501811964,-1.6345726682860644,0
213,G,89040,15625966,119217,34716882,0.005698207714006289,0.003433977740282091,0.0,-2.2442617236815625,-2.4642025243480754,-2.26153218977212,0.0172704660905576,-1.13842604583429,-2.3225338187398794,0
214,C,6800,15635995,10618,34553494,0.00043489397380851044,0.00030729164465972676,0.0,-3.3616166101774856,-3.512449248163755,-3.387370856185352,0.025754246007866577,-0.9580508944912248,-1.820709012596093,0
215,A,25599,15599552,40455,34477028,0.0016410086648642218,0.0011733900033378747,0.0,-2.7848891257764112,-2.9305576160631777,-2.773265735599609,-0.01162339017680214,-0.9833458754249458,-1.7584832241542372,0
216,G,40487,16046699,57594,35398418,0.0025230734370975615,0.0016270218629544405,0.0,-2.5980701086334017,-2.788606611232362,-2.5796201820588576,-0.01844992657454414,-1.0986379674516922,-2.2827457403572815,0
217,G,135296,16125548,223249,35761092,0.008390164476890956,0.006242790348795837,0.0,-2.07622952538036,-2.2046212497058955,-2.007004920158481,-0.06922460522187901,3.105471194236945,1.9213634213313553,0
218,C,9302,15957356,15122,35564054,0.0005829286505859742,0.00042520461812368184,0.0,-3.234384598848321,-3.37140202727494,-3.223600987210874,-0.0107836116374469,-1.0787777514675891,-1.9414358695724572,0
219,A,17392,15926518,22424,35528644,0.0010920152163831417,0.0006311527115979997,0.0,-2.961771310033121,-3.199865547601847,-3.037806251077039,0.07603494104391784,-0.20605980128487728,-0.9811971500141687,0
220,G,27745,16015128,39834,35698125,0.0017324244926422067,0.0011158569252586795,0.0,-2.761345684937482,-2.9523914868984833,-2.740216192941274,-0.02112949199620795,-0.9984796269349765,-2.182587399840566,0
221,U,26485,16228629,43530,36166152,0.0016319924498859391,0.0012036115979383154,0.0,-2.7872818547613605,-2.919513636072914,-2.707314024008386,-0.07996783075297431,-0.1731339812387284,-0.9304522957436069,0
222,G,59864,15837183,79228,35333763,0.003779965161733624,0.0022422746198869337,0.0,-2.422512202844407,-2.649311198789331,-2.443036828549624,0.02052462570521696,-1.0222738028105995,-2.206381575716189,0
223,C,85763,16018905,102044,35819055,0.005353861577929328,0.0028488747120771333,0.0,-2.271332861523871,-2.5453266497601708,-2.2644452130940653,-0.006887648429805715,-1.0939728309630095,-1.9566309490678775,0
224,G,40095,15823506,56006,35551170,0.002533888507388944,0.0015753630611875784,0.0,-2.5962124982493444,-2.802619342001449,-2.5933600872481013,-0.002852411001243116,-1.4124257541885021,-2.596533527094092,0
225,U,61793,16271378,60478,36536967,0.003797650082248719,0.0016552550735806834,0.0,-2.420485053909024,-2.781135072273277,-2.568765962057063,0.14828090814803874,1.8042822773005638,1.0469639627956853,0
226,G,64083,16258078,46081,36535243,0.003941609826204549,0.0012612753116217127,0.0,-2.4043263680608584,-2.899190105125828,-2.688050633384127,0.28372426532326855,74.60311833898655,73.41901056608096,1
227,U,287873,16034969,371691,35883542,0.01795282547786653,0.010358258390434255,0.0,-1.7458671909363968,-1.9847132595529087,-1.7713686223366163,0.025501431400219543,-0.9016522346163489,-1.6589705491212274,0
228,C,27478,15754346,23865,35196708,0.0017441536449688232,0.000678046367290941,0.0,-2.7584152601012724,-3.168740606472084,-2.98829089657656,0.22987563647528786,10.558455409216645,9.695797291111777,1
229,C,13583,15806606,19930,35299870,0.0008593242597430467,0.0005645913143589481,0.0,-3.065842927386138,-3.2482658072996125,-3.080627573879545,0.014784646493406939,-1.0561993033523984,-1.9188574214572665,0
230,G,119110,15842413,215051,35387257,0.007518425381285035,0.006077074580830043,0.0,-2.123873106193566,-2.2163054337457906,-2.0184616150431074,-0.10541149115045867,9.073605280202749,7.889497507297159,0
231,C,16684,15955121,25618,35618309,0.001045683075672068,0.0007192368396826475,0.0,-2.980599920958559,-3.1431280759172964,-2.9585521980993397,-0.0220477228592193,-0.9971559685494553,-1.8598140866543234,0
232,G,140516,15822811,209091,35304897,0.008880596500836672,0.0059224361991482375,0.0,-2.051557862113142,-2.2274996091205383,-2.0294378416512795,-0.022120020461862566,-0.9580218959544721,-2.1421296688600617,0
233,C,10321,15860282,16150,35353274,0.0006507450498042847,0.0004568176627714876,0.0,-3.1865891268696838,-3.3402571125207583,-3.187438639761758,0.0008495128920742445,-1.1042839338573416,-1.9669420519622096,0
234,A,9174,15680532,16064,34964369,0.0005850566804748717,0.00045943915075372874,0.0,-3.2328020572938434,-3.3377719994939765,-3.1732714178947083,-0.059530639399135055,-0.5140738481494653,-1.2892111968787567,0
235,C,33956,15620634,55737,34840069,0.0021737914094908054,0.0015997959131481628,0.0,-2.662782131847397,-2.7959354169983706,-2.555426947550274,-0.10735518429712299,1.4392612663164073,0.5766031482115392,0
236,C,6349,15571079,10764,34773515,0.0004077430985996539,0.0003095459288484354,0.0,-3.389613381030674,-3.5092749034594637,-3.383685125881517,-0.005928255149156847,-1.0966865602082976,-1.9593446783131656,0
237,A,8916,15466869,14223,34633297,0.0005764579760777699,0.0004106741555676897,0.0,-3.239232347385342,-3.386502627186544,-3.2211393930251755,-0.01809295436016667,-0.9568795076493695,-1.7320168563786609,0
238,A,12610,15390933,17524,34473477,0.000819313552986034,0.0005083328264218895,0.0,-3.086549861034215,-3.2938518441167646,-3.1301287578291315,0.043578896794916666,-0.7405022487970977,-1.515639597526389,0
239,C,17497,15407028,26090,34512085,0.0011356505615489243,0.0007559670764603182,0.0,-2.944755280012977,-3.1214971182857845,-2.9334365022722118,-0.011318777740765285,-1.07616710277,-1.938825220874868,0
240,C,20001,15133360,18828,33526775,0.0013216496534807869,0.0005615810050325449,0.0,-2.878883653568161,-3.2505875902462398,-3.083323395084389,0.2044397415162278,8.120235680985294,7.257577562880426,1
241,A,63328,15269443,95975,33806765,0.004147368047413386,0.002838928835693093,0.0,-2.3822274225891613,-2.5468454939317557,-2.3963462664862027,0.014118843897041433,-0.9745024669100072,-1.7496398156392985,0
242,C,9659,14034075,15216,30238755,0.0006882534117852441,0.0005031953200454186,0.0,-3.1622516270601935,-3.2982634066881884,-3.1386797655449166,-0.023571861515276904,-0.9818099254534963,-1.8444680435583645,0
243,A,14424,14322139,17928,31085379,0.0010071121359735442,0.0005767341617420846,0.0,-2.9969221706348605,-3.2390243232263973,-3.0762718195807137,0.07934964894585317,-0.13515475544363814,-0.9102921041729295,0
244,C,19414,14374703,24733,31131845,0.0013505670343241178,0.0007944598208040674,0.0,-2.8694838550792263,-3.0999280620114456,-2.908392680084917,0.038908825005690595,-0.7703121578153739,-1.632970275920242,0
245,G,15238,15849258,24006,35344551,0.0009614330210284924,0.0006791994613257359,0.0,-3.017080965831061,-3.1680026672036696,-2.951629458774493,-0.06545150705656777,2.6255808398149103,1.4414730669093208,0
246,G,64375,16114295,122667,35938445,0.003994900180243691,0.003413252854985796,0.0,-2.3984940678420923,-2.466831537839896,-2.264110016800564,-0.13438405104152817,15.634775726043664,14.450667953138074,0
247,G,16953,16131413,27298,36031167,0.0010509308762970734,0.0007576218666467283,0.0,-2.9784258482248442,-3.120547499122306,-2.9050982350664056,-0.07332761315843861,3.6578406844445133,2.4737329115389235,0
248,G,0,15860209,0,35458949,0.0,0.0,1.0,nan,nan,nan,nan,nan,nan,0
249,c,0,0,0,0,nan,nan,1.0,nan,nan,nan,nan,nan,nan,0
250,u,0,0,0,0,nan,nan,1.0,nan,nan,nan,nan,nan,nan,0
251,c,0,0,0,0,nan,nan,1.0,nan,nan,nan,nan,nan,nan,0
252,a,0,0,0,0,nan,nan,1.0,nan,nan,nan,nan,nan,nan,0
253,u,0,0,0,0,nan,nan,1.0,nan,nan,nan,nan,nan,nan,0
254,u,0,0,0,0,nan,nan,1.0,nan,nan,nan,nan,nan,nan,0
255,c,0,0,0,0,nan,nan,1.0,nan,nan,nan,nan,nan,nan,0
256,u,0,0,0,0,nan,nan,1.0,nan,nan,nan,nan,nan,nan,0
257,c,0,0,0,0,nan,nan,1.0,nan,nan,nan,nan,nan,nan,0
258,a,0,0,0,0,nan,nan,1.0,nan,nan,nan,nan,nan,nan,0
259,g,0,0,0,0,nan,nan,1.0,nan,nan,nan,nan,nan,nan,0
260,c,0,0,0,0,nan,nan,1.0,nan,nan,nan,nan,nan,nan,0
261,g,0,0,0,0,nan,nan,1.0,nan,nan,nan,nan,nan,nan,0
262,c,0,0,0,0,nan,nan,1.0,nan,nan,nan,nan,nan,nan,0
263,g,0,0,0,0,nan,nan,1.0,nan,nan,nan,nan,nan,nan,0
264,g,0,0,0,0,nan,nan,1.0,nan,nan,nan,nan,nan,nan,0
265,c,0,0,0,0,nan,nan,1.0,nan,nan,nan,nan,nan,nan,0
266,u,0,0,0,0,nan,nan,1.0,nan,nan,nan,nan,nan,nan,0
267,g,0,0,0,0,nan,nan,1.0,nan,nan,nan,nan,nan,nan,0
268,u,0,0,0,0,nan,nan,1.0,nan,nan,nan,nan,nan,nan,0
